{"cameraMode":{"drawMode":0,"name":"Shaded","section":"Shading Mode"},"sceneLighting":true,"audioPlay":false,"sceneViewState":{"m_AlwaysRefresh":false,"showFog":true,"showSkybox":true,"showFlares":true,"showImageEffects":true,"showParticleSystems":true,"showVisualEffectGraphs":true,"m_FxEnabled":true},"in2DMode":false,"pivot":{"x":361.75634765625,"y":476.85260009765627,"z":-162.91265869140626},"rotation":{"x":-0.061443086713552478,"y":-0.025340668857097627,"z":0.002404379891231656,"w":-0.9979780316352844},"size":325.87078857421877,"orthographic":false}