{"cameraMode":{"drawMode":0,"name":"Shaded","section":"Shading Mode"},"sceneLighting":false,"audioPlay":false,"sceneViewState":{"m_AlwaysRefresh":false,"showFog":true,"showSkybox":false,"showFlares":true,"showImageEffects":true,"showParticleSystems":true,"showVisualEffectGraphs":true,"m_FxEnabled":true},"in2DMode":false,"pivot":{"x":0.226139634847641,"y":-1.1516940593719483,"z":-5.01942253112793},"rotation":{"x":0.0003776814555749297,"y":0.9909572601318359,"z":-0.1352134793996811,"w":0.002640912076458335},"size":7.034912586212158,"orthographic":false}