{"cameraMode":{"drawMode":0,"name":"Shaded","section":"Shading Mode"},"sceneLighting":false,"audioPlay":false,"sceneViewState":{"m_AlwaysRefresh":false,"showFog":true,"showSkybox":false,"showFlares":true,"showImageEffects":true,"showParticleSystems":true,"showVisualEffectGraphs":true,"m_FxEnabled":true},"in2DMode":false,"pivot":{"x":0.010107278823852539,"y":2.1188414096832277,"z":-0.027864456176757814},"rotation":{"x":0.26265931129455569,"y":0.6666608452796936,"z":-0.2726494073867798,"w":0.6422792077064514},"size":3.513359308242798,"orthographic":false}