{"cameraMode":{"drawMode":0,"name":"Shaded","section":"Shading Mode"},"sceneLighting":false,"audioPlay":false,"sceneViewState":{"m_AlwaysRefresh":false,"showFog":true,"showSkybox":false,"showFlares":true,"showImageEffects":true,"showParticleSystems":true,"showVisualEffectGraphs":true,"m_FxEnabled":true},"in2DMode":false,"pivot":{"x":-0.004992008209228516,"y":1.9393383264541627,"z":-0.01997274160385132},"rotation":{"x":-0.19555285573005677,"y":0.4282885491847992,"z":-0.09541317075490952,"w":-0.8772211074829102},"size":6.925209045410156,"orthographic":false}