{"cameraMode":{"drawMode":0,"name":"Shaded","section":"Shading Mode"},"sceneLighting":false,"audioPlay":false,"sceneViewState":{"m_AlwaysRefresh":false,"showFog":true,"showSkybox":false,"showFlares":true,"showImageEffects":true,"showParticleSystems":true,"showVisualEffectGraphs":true,"m_FxEnabled":true},"in2DMode":false,"pivot":{"x":-0.11424684524536133,"y":0.2258608341217041,"z":1.674668312072754},"rotation":{"x":0.29408523440361025,"y":0.5146092772483826,"z":-0.19353370368480683,"w":0.7819993495941162},"size":2.5824878215789797,"orthographic":false}