{"cameraMode":{"drawMode":0,"name":"Shaded","section":"Shading Mode"},"sceneLighting":false,"audioPlay":false,"sceneViewState":{"m_AlwaysRefresh":false,"showFog":true,"showSkybox":false,"showFlares":true,"showImageEffects":true,"showParticleSystems":true,"showVisualEffectGraphs":true,"m_FxEnabled":true},"in2DMode":false,"pivot":{"x":-0.250457763671875,"y":10.26683235168457,"z":-2.3560104370117189},"rotation":{"x":0.0004290992801543325,"y":0.9881322383880615,"z":-0.15451021492481233,"w":0.0026331215631216766},"size":8.645427703857422,"orthographic":false}