{"cameraMode":{"drawMode":0,"name":"Shaded","section":"Shading Mode"},"sceneLighting":false,"audioPlay":false,"sceneViewState":{"m_AlwaysRefresh":false,"showFog":true,"showSkybox":false,"showFlares":true,"showImageEffects":true,"showParticleSystems":true,"showVisualEffectGraphs":true,"m_FxEnabled":true},"in2DMode":false,"pivot":{"x":3.343874931335449,"y":1.5539178848266602,"z":2.250436782836914},"rotation":{"x":0.10426081717014313,"y":-0.1821553111076355,"z":0.019230801612138749,"w":0.9776180982589722},"size":14.968130111694336,"orthographic":false}